{
    "observation.state": {
        "min": [
            -63.320247650146484,
            -99.17729187011719,
            -67.73094940185547,
            50.40339660644531,
            -38.63168716430664,
            1.9801980257034302,
            -50.44352340698242,
            -98.10855102539062,
            -73.10253143310547,
            45.370758056640625,
            -15.852081298828125,
            2.385685920715332
        ],
        "max": [
            52.5518798828125,
            40.76511764526367,
            98.55257415771484,
            98.64118957519531,
            0.9773662686347961,
            43.10231018066406,
            24.659963607788086,
            42.516448974609375,
            99.11229705810547,
            98.49182891845703,
            14.765968322753906,
            39.562625885009766
        ],
        "mean": [
            7.1325478115372665,
            -35.086264378001225,
            24.949622722077216,
            79.3567630044775,
            -15.345741343861832,
            15.172114178609744,
            -6.6332624074680355,
            -69.47069415589044,
            59.976930712199156,
            72.11960530997881,
            -1.2020718448756826,
            9.62010549740594
        ],
        "std": [
            24.347828577637213,
            46.81873572245966,
            52.282963132849716,
            13.26203936951886,
            11.195040236697642,
            12.89515200370931,
            19.66340696228542,
            37.68853534885976,
            45.08220324375241,
            11.255260593382374,
            5.681295854683667,
            11.414040272264927
        ],
        "count": [
            2295
        ]
    },
    "observation.images.top": {
        "min": [
            [
                [
                    0.011764705882352941
                ]
            ],
            [
                [
                    0.023529411764705882
                ]
            ],
            [
                [
                    0.0
                ]
            ]
        ],
        "max": [
            [
                [
                    1.0
                ]
            ],
            [
                [
                    1.0
                ]
            ],
            [
                [
                    1.0
                ]
            ]
        ],
        "mean": [
            [
                [
                    0.16197977740144612
                ]
            ],
            [
                [
                    0.23853150691871236
                ]
            ],
            [
                [
                    0.2491997975207143
                ]
            ]
        ],
        "std": [
            [
                [
                    0.23573098516859878
                ]
            ],
            [
                [
                    0.17470922331280808
                ]
            ],
            [
                [
                    0.11912455247790218
                ]
            ]
        ],
        "count": [
            508
        ]
    },
    "task_index": {
        "min": [
            0
        ],
        "max": [
            0
        ],
        "mean": [
            0.0
        ],
        "std": [
            0.0
        ],
        "count": [
            2295
        ]
    },
    "index": {
        "min": [
            0
        ],
        "max": [
            2294
        ],
        "mean": [
            1147.0
        ],
        "std": [
            662.5093710029064
        ],
        "count": [
            2295
        ]
    },
    "observation.images.right": {
        "min": [
            [
                [
                    0.0
                ]
            ],
            [
                [
                    0.0
                ]
            ],
            [
                [
                    0.0
                ]
            ]
        ],
        "max": [
            [
                [
                    1.0
                ]
            ],
            [
                [
                    1.0
                ]
            ],
            [
                [
                    1.0
                ]
            ]
        ],
        "mean": [
            [
                [
                    0.3915111637010447
                ]
            ],
            [
                [
                    0.3452213063210849
                ]
            ],
            [
                [
                    0.23197935040978332
                ]
            ]
        ],
        "std": [
            [
                [
                    0.25126975223333664
                ]
            ],
            [
                [
                    0.2073455674023614
                ]
            ],
            [
                [
                    0.16826123845667312
                ]
            ]
        ],
        "count": [
            508
        ]
    },
    "frame_index": {
        "min": [
            0
        ],
        "max": [
            501
        ],
        "mean": [
            229.81786492374727
        ],
        "std": [
            133.93487486390407
        ],
        "count": [
            2295
        ]
    },
    "timestamp": {
        "min": [
            0.0
        ],
        "max": [
            16.7
        ],
        "mean": [
            7.660595497458242
        ],
        "std": [
            4.464495828796803
        ],
        "count": [
            2295
        ]
    },
    "episode_index": {
        "min": [
            0
        ],
        "max": [
            4
        ],
        "mean": [
            2.0091503267973856
        ],
        "std": [
            1.391040087216329
        ],
        "count": [
            2295
        ]
    },
    "action": {
        "min": [
            -72.38037872314453,
            -100.0,
            -69.95977020263672,
            48.48355484008789,
            -38.655460357666016,
            0.5925925970077515,
            -50.33024978637695,
            -99.08940124511719,
            -75.07705688476562,
            44.63276672363281,
            -16.102136611938477,
            0.07651109248399734
        ],
        "max": [
            52.99818420410156,
            39.09774398803711,
            99.10594177246094,
            99.74369812011719,
            1.1554621458053589,
            43.407405853271484,
            25.3632755279541,
            39.40397262573242,
            97.97445678710938,
            100.0,
            15.164148330688477,
            40.01530075073242
        ],
        "mean": [
            7.222629999439182,
            -37.13678830714007,
            22.094150861443584,
            79.50749272365196,
            -15.31037289363886,
            13.687619026034486,
            -6.452947951609792,
            -69.67164409363193,
            57.24729206359464,
            73.1678325445304,
            -1.2497662912916254,
            8.856820437695205
        ],
        "std": [
            25.01086195199405,
            45.05399606180259,
            52.738452432879065,
            13.518020229937889,
            11.213844093986864,
            14.299955993750414,
            19.82374173350526,
            36.71108748529332,
            45.0824108554372,
            11.602595004686645,
            5.654912643114757,
            11.988988620249058
        ],
        "count": [
            2295
        ]
    },
    "observation.images.left": {
        "min": [
            [
                [
                    0.0
                ]
            ],
            [
                [
                    0.0
                ]
            ],
            [
                [
                    0.0
                ]
            ]
        ],