{
    "task_index": {
        "min": [
            0
        ],
        "max": [
            0
        ],
        "mean": [
            0.0
        ],
        "std": [
            0.0
        ],
        "count": [
            1418
        ]
    },
    "observation.images.cam0": {
        "min": [
            [
                [
                    0.0
                ]
            ],
            [
                [
                    0.0
                ]
            ],
            [
                [
                    0.0
                ]
            ]
        ],
        "max": [
            [
                [
                    1.0
                ]
            ],
            [
                [
                    1.0
                ]
            ],
            [
                [
                    1.0
                ]
            ]
        ],
        "mean": [
            [
                [
                    0.4349631346607986
                ]
            ],
            [
                [
                    0.3769838479795811
                ]
            ],
            [
                [
                    0.25132231435761654
                ]
            ]
        ],
        "std": [
            [
                [
                    0.20571785493637323
                ]
            ],
            [
                [
                    0.17699971072024673
                ]
            ],
            [
                [
                    0.16219813571929326
                ]
            ]
        ],
        "count": [
            274
        ]
    },
    "observation.state": {
        "min": [
            -41.89568328857422,
            -99.42410278320312,
            -52.14985275268555,
            42.6751594543457,
            -50.05144119262695,
            1.5841584205627441,
            -50.20697784423828,
            -98.76644897460938,
            -41.85530471801758,
            42.77335739135742,
            -0.4396172761917114,
            2.253147840499878
        ],
        "max": [
            37.7453727722168,
            6.787330150604248,
            98.97828674316406,
            98.38641357421875,
            -1.183127522468567,
            44.224422454833984,
            23.122413635253906,
            3.7828948497772217,
            98.2245864868164,
            98.40804290771484,
            16.73131561279297,
            37.70709228515625
        ],
        "mean": [
            4.126085002432421,
            -34.76515878373376,
            20.279329030907206,
            76.0918308467892,
            -26.697249865834568,
            13.343245704688542,
            -3.092268493683281,
            -63.83172101665115,
            49.025676509389086,
            77.02629753833766,
            3.8914491311451274,
            11.108082521785635
        ],
        "std": [
            21.072909003974036,
            42.47099441182762,
            52.77772014745048,
            17.42198317927789,
            16.34480402729466,
            11.667773043776192,
            21.9412721546504,
            41.471625144236704,
            54.12847032872767,
            14.628478896498516,
            5.256855217948916,
            12.580177251596059
        ],
        "count": [
            1418
        ]
    },
    "timestamp": {
        "min": [
            0.0
        ],
        "max": [
            24.2
        ],
        "mean": [
            11.807616361071931
        ],
        "std": [
            6.835523859623962
        ],
        "count": [
            1418
        ]
    },
    "episode_index": {
        "min": [
            0
        ],
        "max": [
            1
        ],
        "mean": [
            0.48730606488011285
        ],
        "std": [
            0.4998388380379941
        ],
        "count": [
            1418
        ]
    },
    "action": {
        "min": [
            -46.46525573730469,
            -100.0,
            -54.33707809448242,
            41.72015380859375,
            -49.98686599731445,
            0.0,
            -50.36789321899414,
            -100.0,
            -47.868133544921875,
            41.81349563598633,
            -0.7534424662590027,
            0.35242289304733276
        ],
        "max": [
            37.885196685791016,
            5.704698085784912,
            99.5505599975586,
            99.65768432617188,
            -0.7617546916007996,
            44.73684310913086,
            23.344482421875,
            1.8773466348648071,
            98.32967376708984,
            99.8281021118164,
            16.96544647216797,
            37.88546371459961
        ],
        "mean": [
            4.324952132947354,
            -36.48892247693663,
            17.31755590775117,
            76.25276533269411,
            -26.614038521211135,
            11.42001995280364,
            -3.06626855957155,
            -64.50477659550978,
            45.8745978345992,
            77.42600943776549,
            3.89465836409285,
            10.037034021950575
        ],
        "std": [
            21.80817516084354,
            41.11764569707956,
            53.523582042252016,
            17.7025625350977,
            16.35120756617221,
            13.37063956972654,
            22.30824431065935,
            40.90539447841492,
            53.67697401729257,
            14.80795196804184,
            5.258252099009718,
            13.24316143951083
        ],
        "count": [
            1418
        ]
    },
    "frame_index": {
        "min": [
            0
        ],
        "max": [
            726
        ],
        "mean": [
            354.22849083215795
        ],
        "std": [
            205.06571578871885
        ],
        "count": [
            1418
        ]
    },
    "index": {
        "min": [
            0
        ],
        "max": [
            1417
        ],
        "mean": [
            708.5
        ],
        "std": [
            409.3412390658923
        ],
        "count": [
            1418
        ]
    }
}