{
    "observation.images.right": {
        "min": [
            [
                [
                    0.0
                ]
            ],
            [
                [
                    0.0
                ]
            ],
            [
                [
                    0.0
                ]
            ]
        ],
        "max": [
            [
                [
                    1.0
                ]
            ],
            [
                [
                    1.0
                ]
            ],
            [
                [
                    1.0
                ]
            ]
        ],
        "mean": [
            [
                [
                    0.41230807394525554
                ]
            ],
            [
                [
                    0.3903175213505666
                ]
            ],
            [
                [
                    0.333315942466615
                ]
            ]
        ],
        "std": [
            [
                [
                    0.20318774450236424
                ]
            ],
            [
                [
                    0.18805813469616303
                ]
            ],
            [
                [
                    0.18805356939316004
                ]
            ]
        ],
        "count": [
            1112
        ]
    },
    "timestamp": {
        "min": [
            0.0
        ],
        "max": [
            19.266666666666666
        ],
        "mean": [
            8.786801503954363
        ],
        "std": [
            5.301759944243781
        ],
        "count": [
            5142
        ]
    },
    "observation.images.left": {
        "min": [
            [
                [
                    0.0
                ]
            ],
            [
                [
                    0.0
                ]
            ],
            [
                [
                    0.0
                ]
            ]
        ],
        "max": [
            [
                [
                    1.0
                ]
            ],
            [
                [
                    1.0
                ]
            ],
            [
                [
                    1.0
                ]
            ]
        ],
        "mean": [
            [
                [
                    0.3628521151828538
                ]
            ],
            [
                [
                    0.34612000197636006
                ]
            ],
            [
                [
                    0.29398850992735215
                ]
            ]
        ],
        "std": [
            [
                [
                    0.26474746420958245
                ]
            ],
            [
                [
                    0.25642395867091117
                ]
            ],
            [
                [
                    0.26007572712374466
                ]
            ]
        ],
        "count": [
            1112
        ]
    },
    "observation.state": {
        "min": [
            -15.647784233093262,
            -99.25956726074219,
            -23.6270751953125,
            10.573248863220215,
            -14.094650268554688,
            2.112211227416992,
            -40.03548049926758,
            -98.27302551269531,
            -12.294717788696289,
            23.167156219482422,
            -8.766485214233398,
            2.385685920715332
        ],
        "max": [
            35.16545104980469,
            14.109419822692871,
            99.06343078613281,
            86.58174133300781,
            8.024691581726074,
            86.13861083984375,
            13.897102355957031,
            15.131579399108887,
            98.49089813232422,
            77.71260833740234,
            5.973622798919678,
            78.39628601074219
        ],
        "mean": [
            0.6695105543556448,
            -61.65346961835626,
            55.310621032358746,
            61.93290035050465,
            -1.8922764206618847,
            22.89771112473917,
            3.9988245774873357,
            -62.06345966269375,
            56.31069148926826,
            61.60154155254921,
            -0.6164200336309038,
            23.81787001358679
        ],
        "std": [
            8.297496810006894,
            43.194906946645766,
            42.76938241759007,
            11.901773770797414,
            2.4974683034560967,
            25.112743922261178,
            9.710787765680905,
            42.7951810613478,
            40.54289958540679,
            12.676446637386796,
            2.3833358359919585,
            25.769754568722366
        ],
        "count": [
            5142
        ]
    },
    "index": {
        "min": [
            0
        ],
        "max": [
            5141
        ],
        "mean": [
            2570.5
        ],
        "std": [
            1484.367514016211
        ],
        "count": [
            5142
        ]
    },
    "frame_index": {
        "min": [
            0
        ],
        "max": [
            578
        ],
        "mean": [
            263.6040451186309
        ],
        "std": [
            159.0527983273134
        ],
        "count": [
            5142
        ]
    },
    "episode_index": {
        "min": [
            0
        ],
        "max": [
            9
        ],
        "mean": [
            4.7139245429793855
        ],
        "std": [
            2.95664849506347
        ],
        "count": [
            5142
        ]
    },
    "task_index": {
        "min": [
            0
        ],
        "max": [
            0
        ],
        "mean": [
            0.0
        ],
        "std": [
            0.0
        ],
        "count": [
            5142
        ]
    },
    "action": {
        "min": [
            -16.535432815551758,
            -100.0,
            -27.492177963256836,
            7.9026055335998535,
            -14.443277359008789,
            0.5925925970077515,
            -42.668426513671875,
            -99.00662231445312,
            -15.808013916015625,
            21.425466537475586,
            -9.015111923217773,
            0.9946442246437073
        ],
        "max": [
            40.1574821472168,
            12.865496635437012,
            99.46356964111328,
            88.03929901123047,
            8.35084056854248,
            86.74073791503906,
            14.26684284210205,
            13.824502944946289,
            99.11933135986328,
            77.83572387695312,
            6.0448150634765625,
            79.57154083251953
        ],
        "mean": [
            0.8397965239949933,
            -62.17223282631897,
            52.76368678362626,
            61.991783584244565,
            -1.9481261847595073,
            22.600562561165724,
            4.009735200665703,
            -62.453642231997975,
            53.80983856539465,
            62.16920649833783,
            -0.7174966384735334,
            23.563461322999565
        ],
        "std": [
            8.728178453060838,
            42.33747284904613,
            42.98918432210295,
            12.605196961345804,
            2.5251527816932797,
            25.357831842809492,
            9.97933248700324,
            41.95418569471094,
            40.43180559183337,
            13.732766421998617,
            2.3789425613275457,
            26.209495350098592
        ],
        "count": [
            5142
        ]
    },
    "observation.images.top": {
        "min": [
            [
                [
                    0.0
                ]
            ],
            [
                [
                    0.0
                ]
            ],
            [
                [
                    0.0
                ]
            ]
        ],